ID,ABBR,RESERVE
backos01,ANA,R
berglja01,ANA,R
coverja01,ANA,R
desnoca01,ANA,R
hakanwi01,ANA,R
holinmi01,ANA,R
koblati01,ANA,R
miettju01,ANA,R
sassoma01,ANA,R
sissoco01,ANA,R
uchacka01,ANA,R
vanacma01,ANA,R
verhoke01,ANA,R
willato01,ANA,R
buiumze01,ANA,
chishde01,ANA,
comrier01,ANA,
connoky01,ANA,
coolelo01,ANA,
hischni01,ANA,
hoferjo01,ANA,
khusnma01,ANA,
oconndr01,ANA,
olivima01,ANA,
petroal01,ANA,
protaal01,ANA,
reinhsa01,ANA,
rodriev01,ANA,
sanhetr01,ANA,
schnebr01,ANA,
tippeow01,ANA,
turcoal02,ANA,
vlasial01,ANA,
wiesboz01,ANA,
anderfr01,BOS,R
aspirjo01,BOS,R
boumesa01,BOS,R
buiumsh01,BOS,R
caliry01,BOS,R
cheslry01,BOS,R
devinja01,BOS,R
finkai01,BOS,R
franket01,BOS,R
gajanad01,BOS,R
harenlo01,BOS,R
hemmios01,BOS,R
luciucr01,BOS,R
mrtkara01,BOS,R
mutryca01,BOS,R
thompai01,BOS,R
brinkbo01,BOS,
burakan01,BOS,
byrambo01,BOS,
cattobe01,BOS,
cliftco01,BOS,
cousini01,BOS,
donatry01,BOS,
foxad01,BOS,
fredetr01,BOS,
gauthcu01,BOS,
greeraj01,BOS,
haulaer01,BOS,
ingraco01,BOS,
malinsa01,BOS,
mayfisc01,BOS,
namesvl01,BOS,
noesest01,BOS,
sandeja01,BOS,
staaljo01,BOS,
wallsje01,BOS,
connetr01,BUF,R
dvorsda01,BUF,R
edstrda01,BUF,R
hermael01,BUF,R
koepkco01,BUF,R
malotje01,BUF,R
nadeabr01,BUF,R
nikisal01,BUF,R
pohlker01,BUF,R
postami01,BUF,R
rittida01,BUF,R
sandiax01,BUF,R
shabama01,BUF,R
smithga02,BUF,R
sorenwi01,BUF,R
ungerfe01,BUF,R
carlide01,BUF,
chiarbe01,BUF,
coolede01,BUF,
crosbsi01,BUF,
edvinsi01,BUF,
fantiad01,BUF,
forsbfi01,BUF,
gibsojo02,BUF,
guentdy01,BUF,
holmssi01,BUF,
hughelu01,BUF,
kuzneya01,BUF,
melanja01,BUF,
palmiky01,BUF,
peekean01,BUF,
powerow01,BUF,
tkachbr01,BUF,
trochvi01,BUF,
yurovda01,BUF,
zachapa01,BUF,
bardaza01,CAR,R
bjugsni01,CAR,R
brzushu01,CAR,R
douglcu01,CAR,R
hallafi01,CAR,R
harrich01,CAR,R
kolosal01,CAR,R
kurasph01,CAR,R
mewshe01,CAR,R
middlke01,CAR,R
perroja01,CAR,R
pridhja01,CAR,R
stolaan01,CAR,R
tsyplma01,CAR,R
vaakaur01,CAR,R
walliwi01,CAR,R
barkede01,CAR,
brunefr01,CAR,
bussibr01,CAR,
dahlira01,CAR,
desmica01,CAR,
emberty01,CAR,
frostmo01,CAR,
granlmi01,CAR,
guentja01,CAR,
klapkad01,CAR,
kyroujo01,CAR,
marnemi01,CAR,
middlja01,CAR,
moserja01,CAR,
nesteni02,CAR,
olofsvi01,CAR,
oreilry01,CAR,
pospima01,CAR,
solovil01,CAR,
vorondi01,CAR,
bowmabr01,CBJ,R
currama01,CBJ,R
kulebol01,CBJ,R
liljeti01,CBJ,R
myersty01,CBJ,R
smithco02,CBJ,R
smithja04,CBJ,R
allenja01,CBJ,
andermi02,CBJ,
boqvije01,CBJ,
burnsbr01,CBJ,
coylech01,CBJ,
foligma01,CBJ,
howdebr01,CBJ,
johnswy01,CBJ,
killoal01,CBJ,
knighsp01,CBJ,
kreidch01,CBJ,
martijo01,CBJ,
meierti01,CBJ,
pageaje01,CBJ,
siegejo01,CBJ,
troubja01,CBJ,
tuchal01,CBJ,
walkese01,CBJ,
weegama01,CBJ,
zuckeja01,CBJ,
balinuv01,CGY,R
ciharvo01,CGY,R
commaal01,CGY,R
ellerla01,CGY,R
eriksli01,CGY,R
fortedr01,CGY,R
heineda01,CGY,R
hinosvi01,CGY,R
ivaniv01,CGY,R
lindgch01,CGY,R
paraste01,CGY,R
reillmi01,CGY,R
texieal01,CGY,R
vanecja01,CGY,R
ziemebr01,CGY,R
acciano01,CGY,
bennesa01,CGY,
carriwi01,CGY,
cernaer01,CGY,
cirelan01,CGY,
dickija01,CGY,
dillobr01,CGY,
gavrivl01,CGY,
gourdya01,CGY,
kucheni01,CGY,
laughsc01,CGY,
levide01,CGY,
lindhel01,CGY,
mansojo01,CGY,
milleka01,CGY,
nelsobr01,CGY,
pescebr01,CGY,
samosma01,CGY,
schmani01,CGY,
thomplo01,CGY,
aspinna01,CHI,R
benakad01,CHI,R
gadjojo01,CHI,R
hildede01,CHI,R
laczyta01,CHI,R
leppaat01,CHI,R
lheurza01,CHI,R
marjavi01,CHI,R
poitrma01,CHI,R
rautibe01,CHI,R
ruohohe01,CHI,R
sandira01,CHI,R
tralmed01,CHI,R
vanhama01,CHI,R
wytteet01,CHI,R
borgewi01,CHI,
chychja01,CHI,
coronma01,CHI,
cowanea01,CHI,
dorofpa01,CHI,
eicheja01,CHI,
farabjo01,CHI,
finniem01,CHI,
hamildo01,CHI,
jeannta01,CHI,
kantsro01,CHI,
klevety01,CHI,
kochepy01,CHI,
lardini01,CHI,
levshar01,CHI,
marchki01,CHI,
sheary01,CHI,
sillico01,CHI,
toffoty01,CHI,
vejmeka01,CHI,
huttobe01,COL,R
kampfda01,COL,R
kindebe01,COL,R
lafreto01,COL,R
murtaja01,COL,R
nylanal01,COL,R
pearsta01,COL,R
regulal01,COL,R
duchema01,COL,
ekholma01,COL,
hallta02,COL,
holmbpo01,COL,
janmama02,COL,
kapanka01,COL,
karlswi01,COL,
kleponi01,COL,
mangian01,COL,
mukhash01,COL,
newhoal01,COL,
petryje01,COL,
pintosh01,COL,
severda01,COL,
shestig01,COL,
soderar01,COL,
stonema01,COL,
toewsde01,COL,
yamamka01,COL,
zadorni01,COL,
akeybe01,DAL,R
berezma01,DAL,R
berzkru01,DAL,R
cullewy01,DAL,R
gamzidm01,DAL,R
hensllo01,DAL,R
hughetj01,DAL,R
jonsssa01,DAL,R
letoude01,DAL,R
mancivi01,DAL,R
nystrjo01,DAL,R
oreilsa01,DAL,R
pinchvi01,DAL,R
prestma01,DAL,R
reidch01,DAL,R
slaggla01,DAL,R
binnijo01,DAL,
brandmi01,DAL,
crozima01,DAL,
draisle01,DAL,
gatcoma01,DAL,
gaudrfr01,DAL,
hymanza01,DAL,
kaisewy01,DAL,
kulicji01,DAL,
lindees01,DAL,
nugenry01,DAL,
parayco01,DAL,
poehlry01,DAL,
schaere01,DAL,
skinnst01,DAL,
spencjo01,DAL,
toropal01,DAL,
vielje01,DAL,
washeti01,DAL,
wilsbad01,DAL,
amicoca01,DET,R
artamni01,DET,R
augustr01,DET,R
brodzjo01,DET,R
emeryer01,DET,R
firkuja01,DET,R
frolose01,DET,R
ioriovi01,DET,R
joshuda01,DET,R
martibr02,DET,R
massema01,DET,R
mooreia01,DET,R
myersph01,DET,R
savoima01,DET,R
solbest01,DET,R
terrytr01,DET,R
bjorkol01,DET,
celebma01,DET,
cuyllwi01,DET,
daccojo01,DET,
doanjo01,DET,
faberbr01,DET,
girarsa01,DET,
hagelbr01,DET,
hanifno01,DET,
harkija01,DET,
hillad01,DET,
jennebo01,DET,
kessemi01,DET,
ostapza01,DET,
podkova01,DET,
protail01,DET,
robiner01,DET,
seidemo01,DET,
stenlke01,DET,
theodsh01,DET,
bearca01,EDM,R
bertutr01,EDM,R
boisvsa01,EDM,R
chmelja01,EDM,R
halttka01,EDM,R
holtzal01,EDM,R
hrabami01,EDM,R
iginlti01,EDM,R
ignatsi01,EDM,R
molenta01,EDM,R
nordmma01,EDM,R
thrunhe01,EDM,R
valimju01,EDM,R
varlasi01,EDM,R
yegormi01,EDM,R
bichsli01,EDM,
carlsjo01,EDM,
carlsle01,EDM,
dawsni01,EDM,
durzise01,EDM,
glassco01,EDM,
hartmry01,EDM,
helledr01,EDM,
kapriki01,EDM,
mathemi01,EDM,
mckenga01,EDM,
mctavma01,EDM,
mikheil01,EDM,
oleksja01,EDM,
pettema01,EDM,
ritchca01,EDM,
schwaja01,EDM,
sorokil01,EDM,
stromdy01,EDM,
stromry01,EDM,
badindo01,FLA,R
belchet01,FLA,R
czataet01,FLA,R
galvato01,FLA,R
gauthet01,FLA,R
lagerjo01,FLA,R
marrelu01,FLA,R
misami01,FLA,R
nelsoty01,FLA,R
plantma02,FLA,R
shcheni01,FLA,R
skinnje01,FLA,R
slukyha01,FLA,R
bennja01,FLA,
berarbr02,FLA,
blakeja02,FLA,
demeldy01,FLA,
domima01,FLA,
gritsar01,FLA,
harleth01,FLA,
heiskmi01,FLA,
helleco01,FLA,
kuzmean01,FLA,
lapiehe01,FLA,
lindhha01,FLA,
mcdavco01,FLA,
ratyaa01,FLA,
rempema01,FLA,
royni01,FLA,
soucyca01,FLA,
talboca01,FLA,
ufkory01,FLA,
wintery01,FLA,
akhtyar01,LAK,R
clarada01,LAK,R
genboed01,LAK,R
hyryar01,LAK,R
ivankja01,LAK,R
jarrytr01,LAK,R
juulsno01,LAK,R
kovacjo01,LAK,R
lainepa01,LAK,R
lambebr01,LAK,R
lewanda01,LAK,R
rombaja01,LAK,R
sykorad01,LAK,R
walkena01,LAK,R
westma01,LAK,R
wetscca01,LAK,R
brownco02,LAK,
buchnpa01,LAK,
coltoro01,LAK,
dachco01,LAK,
ellisco01,LAK,
fowleca01,LAK,
hathaga01,LAK,
johnsro02,LAK,
josiro01,LAK,
korpijo01,LAK,
kulakbr01,LAK,
kuralse01,LAK,
mccanja01,LAK,
millejt01,LAK,
pachabr01,LAK,
panarar01,LAK,
perryco01,LAK,
raddyda01,LAK,
ristora01,LAK,
suterpi01,LAK,
andrepy01,MIN,R
bennimi01,MIN,R
cerrach01,MIN,R
deslani01,MIN,R
edstrad01,MIN,R
geekico01,MIN,R
hanlejo01,MIN,R
jenseni02,MIN,R
jonesma03,MIN,R
reschco01,MIN,R
shaikal01,MIN,R
stenbot01,MIN,R
arvidvi01,MIN,
buntimi01,MIN,
eriksjo02,MIN,
gallabr01,MIN,
gudasra01,MIN,
hertlto01,MIN,
leean01,MIN,
lindgry01,MIN,
mccarmi01,MIN,
michkma01,MIN,
murphco02,MIN,
pionkne01,MIN,
royma04,MIN,
scheima01,MIN,
schenlu01,MIN,
sennebe01,MIN,
smithwi01,MIN,
stephch02,MIN,
vasilan02,MIN,
wolljo01,MIN,
bleylth01,MTL,R
eliasga01,MTL,R
goljead01,MTL,R
gregono01,MTL,R
mailllo01,MTL,R
paupaha01,MTL,R
pickfbr01,MTL,R
sahlile01,MTL,R
sawchgr01,MTL,R
schmica01,MTL,R
sokolma01,MTL,R
armiajo01,MTL,
beauvan01,MTL,
benoisi01,MTL,
caufico01,MTL,
cossase01,MTL,
coutuse01,MTL,
dachki01,MTL,
danauph01,MTL,
fleurha01,MTL,
grebeni01,MTL,
iafalal01,MTL,
johanal01,MTL,
laferal01,MTL,
lohrema01,MTL,
marinjo01,MTL,
marksja02,MTL,
mooretr01,MTL,
slavija01,MTL,
tanevbr01,MTL,
zuccama01,MTL,
bernaja01,NJD,R
gustama01,NJD,R
hovormi01,NJD,R
jarvise01,NJD,R
matinni01,NJD,R
montgbl01,NJD,R
nesbija01,NJD,R
nestrva01,NJD,R
nilssfe01,NJD,R
portier01,NJD,R
salomel01,NJD,R
samanjo01,NJD,R
simpsco01,NJD,R
waltoki01,NJD,R
applema01,NJD,
bathedr01,NJD,
brodijo01,NJD,
crousla01,NJD,
danfoju01,NJD,
duboipi01,NJD,
giroucl01,NJD,
gostish01,NJD,
greavje01,NJD,
gridima01,NJD,
kuempda01,NJD,
niedeni01,NJD,
norrijo01,NJD,
palaton01,NJD,
pelecad01,NJD,
provoiv01,NJD,
seeleni01,NJD,
walmaja01,NJD,
wennbal01,NJD,
yakemca01,NJD,
beanja01,NSH,R
beaudco01,NSH,R
honzesa01,NSH,R
kurtzja01,NSH,R
lindsth01,NSH,R
mcquero01,NSH,R
parekza01,NSH,R
piipaju01,NSH,R
psenima01,NSH,R
pulkkje01,NSH,R
rehkoca01,NSH,R
reinbda01,NSH,R
rudolda01,NSH,R
saleed01,NSH,R
silayan01,NSH,R
suvanol01,NSH,R
anderjo05,NSH,
audymjo01,NSH,
blackma01,NSH,
bogosza01,NSH,
cozendy01,NSH,
eberljo01,NSH,
ekblaaa01,NSH,
greenjo02,NSH,
haytoba01,NSH,
hedmavi01,NSH,
hintzro01,NSH,
huberjo01,NSH,
kaspema01,NSH,
merceda01,NSH,
montobr01,NSH,
orlovdm01,NSH,
ostluno01,NSH,
perfeco01,NSH,
schmina01,NSH,
wedgesc01,NSH,
blomqjo01,NYI,R
fowleja01,NYI,R
hagemi01,NYI,R
knowlbr01,NYI,R
nabokil01,NYI,R
patteri01,NYI,R
peshkgl01,NYI,R
prokhda01,NYI,R
pugacgl01,NYI,R
runtsti01,NYI,R
aitchka01,NYI,
askarya01,NYI,
barkoal01,NYI,
barzama01,NYI,
bedarco01,NYI,
bolduza01,NYI,
chromma01,NYI,
debrial01,NYI,
delbelu01,NYI,
dobesja01,NYI,
evansja02,NYI,
hutsola01,NYI,
josepma01,NYI,
konyubo01,NYI,
lehkoar01,NYI,
makarca01,NYI,
nazarfr01,NYI,
peartja01,NYI,
suzukni01,NYI,
tuckety01,NYI,
brzushe01,NYR,R
cristan01,NYR,R
eklunvi01,NYR,R
heidtri01,NYR,R
helensa02,NYR,R
huntda01,NYR,R
hurlbje01,NYR,R
kokkoni01,NYR,R
mahurjo01,NYR,R
morozva01,NYR,R
pickeow01,NYR,R
pottecu01,NYR,R
spencma02,NYR,R
zonnobi01,NYR,R
ahose01,NYR,
bensoza01,NYR,
berggjo02,NYR,
byfiequ01,NYR,
clarkbr02,NYR,
dickisa01,NYR,
jonesse01,NYR,
koleske01,NYR,
leonary01,NYR,
lombery01,NYR,
luneatr01,NYR,
martopo01,NYR,
merzlel01,NYR,
oettija01,NYR,
rinzesa01,NYR,
roberja01,NYR,
slafkju01,NYR,
stanklo01,NYR,
werenza01,NYR,
zegratr01,NYR,
behrese01,OTT,R
broztr01,OTT,R
cootebr01,OTT,R
dagenma01,OTT,R
jonesza01,OTT,R
lefebli01,OTT,R
liskebr01,OTT,R
pettelu01,OTT,R
poulisa01,OTT,R
rogowbr01,OTT,R
sebrado01,OTT,R
steeval02,OTT,R
wangsi01,OTT,R
bainsar01,OTT,
bertuty01,OTT,
carrial01,OTT,
debruja01,OTT,
evanglu01,OTT,
forslgu02,OTT,
gustafi01,OTT,
hagueni01,OTT,
mitteca01,OTT,
morrijo04,OTT,
roberma02,OTT,
rossima01,OTT,
samsoil01,OTT,
schwico01,OTT,
sharaye01,OTT,
stastsp01,OTT,
svechan01,OTT,
svechfe01,OTT,
verhaca01,OTT,
zaryco01,OTT,
colansa01,PHI,R
fiskeos01,PHI,R
gillsp01,PHI,R
hameele01,PHI,R
jamesdo01,PHI,R
jugnaty01,PHI,R
luchaje01,PHI,R
martiem01,PHI,R
morozil01,PHI,R
ryabkiv01,PHI,R
surineg01,PHI,R
vansash01,PHI,R
zavraeg01,PHI,R
boldyma01,PHI,
bumpal01,PHI,
chatfja01,PHI,
goncaga01,PHI,
hindsty01,PHI,
hryckju01,PHI,
labano01,PHI,
landega01,PHI,
lundean01,PHI,
marchma01,PHI,
peterjo01,PHI,
seguity01,PHI,
sergami01,PHI,
spurgja01,PHI,
ullmali01,PHI,
vilmasa01,PHI,
vladada01,PHI,
wothepa01,PHI,
yorkca01,PHI,
zubar01,PHI,
bjorcvi01,PIT,R
brindga01,PIT,R
carelca01,PIT,R
danfobe01,PIT,R
eiserco01,PIT,R
fabbrda01,PIT,R
greigri01,PIT,R
hagenja01,PIT,R
jiricad01,PIT,R
lindbca01,PIT,R
marchbr03,PIT,R
mustyqu01,PIT,R
obrieja02,PIT,R
simasdm01,PIT,R
smitsal01,PIT,R
stramch01,PIT,R
chernig01,PIT,
demidiv01,PIT,
dostalu01,PIT,
foersty01,PIT,
greenry01,PIT,
hartca01,PIT,
howaris01,PIT,
hutsoco01,PIT,
kastema01,PIT,
lacomja01,PIT,
lauzoje01,PIT,
lundkni01,PIT,
mcbaija03,PIT,
necasma01,PIT,
nemecsi01,PIT,
schaema01,PIT,
stenbiv01,PIT,
tkachma01,PIT,
tolvaee01,PIT,
woodma01,PIT,
coghldy01,SEA,R
fialake01,SEA,R
fiddlbl01,SEA,R
garandy01,SEA,R
gastrmi01,SEA,R
hamilbe01,SEA,R
hextaja01,SEA,R
hutsoqu01,SEA,R
leery01,SEA,R
mustajo01,SEA,R
novotad01,SEA,R
pelleja01,SEA,R
smithta01,SEA,R
strubja01,SEA,R
sundqos01,SEA,R
brobeph01,SEA,
daniena01,SEA,
delmaet01,SEA,
dobsono01,SEA,
eklunwi01,SEA,
foegewa01,SEA,
johnske01,SEA,
kellecl01,SEA,
konectr01,SEA,
korchke01,SEA,
nedelal01,SEA,
neighja01,SEA,
ohgreli01,SEA,
romanal01,SEA,
sambedy01,SEA,
snuggji01,SEA,
swaymje01,SEA,
teravte01,SEA,
thomaro01,SEA,
woodmi01,SEA,
bashaan01,SJS,R
brossla01,SJS,R
bystefi01,SJS,R
capobky01,SJS,R
elofsax01,SJS,R
georgis01,SJS,R
goodrba01,SJS,R
gustaer02,SJS,R
haighhu01,SJS,R
kivirjo01,SJS,R
lakovly01,SJS,R
lombaam01,SJS,R
merille01,SJS,R
velenjo01,SJS,R
villena01,SJS,R
amadimi01,SJS,
annunju01,SJS,
backlmi01,SJS,
bouchev01,SJS,
dewarco01,SJS,
dunnvi02,SJS,
ehlerni01,SJS,
ferrama01,SJS,
grafco01,SJS,
heineem01,SJS,
kartyty01,SJS,
kempead01,SJS,
lafreal01,SJS,
larssad01,SJS,
maccema01,SJS,
mateyde01,SJS,
mikkoni01,SJS,
sarosju01,SJS,
zellwol01,SJS,
zettefa01,SJS,
cagnolu01,STL,R
carboju01,STL,R
caseyse01,STL,R
dimarma01,STL,R
hryckdy01,STL,R
kevanbe01,STL,R
klebead01,STL,R
linry01,STL,R
mooreol01,STL,R
nilsoer01,STL,R
priceca02,STL,R
roobrry01,STL,R
stigate01,STL,R
trudefe01,STL,R
barromo01,STL,
brattje01,STL,
erssosa01,STL,
evansry01,STL,
feherma01,STL,
geekimo01,STL,
gravery01,STL,
hallist01,STL,
helenko01,STL,
johnsry03,STL,
kakkoka01,STL,
kellypa01,STL,
mcmicco01,STL,
mcnabbr01,STL,
mintypa01,STL,
nichuva01,STL,
oconnlo01,STL,
rosenis01,STL,
tarasda02,STL,
thompta01,STL,
bedkoda01,TBL,R
brysoja01,TBL,R
druryja01,TBL,R
fleurca01,TBL,R
gaudead01,TBL,R
georgca01,TBL,R
kessema01,TBL,R
larkidy01,TBL,R
quillja01,TBL,R
ravenjo01,TBL,R
stanllo01,TBL,R
tarasvl01,TBL,R
wahlban01,TBL,R
bourqma01,TBL,
carcomi01,TBL,
carrisa01,TBL,
chrisja01,TBL,
colembl01,TBL,
deangan01,TBL,
drysdja01,TBL,
eyssimi01,TBL,
garlaco01,TBL,
korczka01,TBL,
luukkuk01,TBL,
lyonal01,TBL,
mackina01,TBL,
malenbe01,TBL,
metsaza01,TBL,
pastrda01,TBL,
perbini01,TBL,
quinnja01,TBL,
rustbr01,TBL,
timmico01,TBL,
aaremni01,TOR,R
andraem01,TOR,R
dudaar01,TOR,R
engvapi01,TOR,R
grundca01,TOR,R
hollju01,TOR,R
lavoito01,TOR,R
raddyta01,TOR,R
reinhco01,TOR,R
tolopni01,TOR,R
bahlke01,TOR,
bluegte01,TOR,
bobrose01,TOR,
dipiemi01,TOR,
duhaibr01,TOR,
ekmanol01,TOR,
foligni01,TOR,
groulbe01,TOR,
karlsli01,TOR,
kniesma01,TOR,
lowryad01,TOR,
mccabja01,TOR,
mcmanbo02,TOR,
nylanwi01,TOR,
paulni01,TOR,
riellmo01,TOR,
rosloja01,TOR,
stivajo01,TOR,
sunieay01,TOR,
tavarjo01,TOR,
blankni01,UTA,R
dastoch01,UTA,R
dubedi01,UTA,R
fernsme01,UTA,R
horcowi01,UTA,R
lekkejo01,UTA,R
limatku01,UTA,R
lundeis01,UTA,R
medveal01,UTA,R
moorewi01,UTA,R
myniosa01,UTA,R
nymanja01,UTA,R
protzow01,UTA,R
shiloeg01,UTA,R
spellaj01,UTA,R
anderra01,UTA,
butda01,UTA,
catesno01,UTA,
coleia01,UTA,
cottepa01,UTA,
edmunjo01,UTA,
formeal01,UTA,
hoglani01,UTA,
hollody01,UTA,
hronefi01,UTA,
hughequ01,UTA,
lankike01,UTA,
petteel01,UTA,
petteel02,UTA,
pointbr01,UTA,
rasmumi01,UTA,
schenbr01,UTA,
schmiak01,UTA,
skjeibr01,UTA,
stamkst01,UTA,
guhleka01,VAN,R
gulyami01,VAN,R
jiricda01,VAN,R
kemeljo01,VAN,R
lamouma01,VAN,R
lindsca01,VAN,R
malhoca01,VAN,R
montesa01,VAN,R
moonejo01,VAN,R
ritchry01,VAN,R
villexa01,VAN,R
zharoal01,VAN,R
beckow01,VAN,
beniema01,VAN,
cecico01,VAN,
cournal01,VAN,
engstad01,VAN,
frondan01,VAN,
luostee01,VAN,
matthau01,VAN,
mazurca01,VAN,
mintefr01,VAN,
morrosc02,VAN,
perrega01,VAN,
pulocry01,VAN,
raymolu01,VAN,
reichlu01,VAN,
tanevch01,VAN,
trejbto01,VAN,
whiteza01,VAN,
xhekaar01,VAN,
xhekafl01,VAN,
barreal01,VEG,R
barroju01,VEG,R
dowdni01,VEG,R
duclaan01,VEG,R
mckowhu01,VEG,R
mugglle01,VEG,R
prademi01,VEG,R
samuema02,VEG,R
sparkty01,VEG,R
stechtr01,VEG,R
stevecl01,VEG,R
webbeca01,VEG,R
yagerbr01,VEG,R
barbaiv01,VEG,
chaboth01,VEG,
coppan01,VEG,
deshavi01,VEG,
dumoubr01,VEG,
dvorach01,VEG,
girgeze01,VEG,
hugheja03,VEG,
kapanol01,VEG,
kulikdm01,VEG,
lyubuil01,VEG,
mcdonry01,VEG,
ovechal01,VEG,
sherwki01,VEG,
sourdju01,VEG,
steelsa01,VEG,
stuetti02,VEG,
vanecvi01,VEG,
vilarga01,VEG,
wolfdu01,VEG,
blackco01,WPG,R
brazeju01,WPG,R
bruniha01,WPG,R
dellaty01,WPG,R
desimni01,WPG,R
doughdr01,WPG,R
faksara01,WPG,R
gudbrer01,WPG,R
hayesav01,WPG,R
kozakty01,WPG,R
lizotbl01,WPG,R
mcgroru01,WPG,R
meyerbe01,WPG,R
pickaca01,WPG,R
ruckli01,WPG,R
vinniee01,WPG,R
boesebr01,WPG,
chinaye01,WPG,
crevilo01,WPG,
faulkju01,WPG,
horvabo01,WPG,
kanepa01,WPG,
karlser01,WPG,
koivuvi01,WPG,
legauch01,WPG,
letankr01,WPG,
malkiev01,WPG,
murasse01,WPG,
novakth01,WPG,
rakelri01,WPG,
silovar01,WPG,
soderel01,WPG,
treniya01,WPG,
vanritr01,WPG,
wrighsh01,WPG,
zibanmi01,WPG,
anderad01,WSH,R
freijal01,WSH,R
greenli01,WSH,R
hemmiem01,WSH,R
hussovi01,WSH,R
jankoma01,WSH,R
kudryki01,WSH,R
lawrety01,WSH,R
lyselfa01,WSH,R
merkuge01,WSH,R
mirosiv01,WSH,R
plantvi01,WSH,R
reidca01,WSH,R
ruckma01,WSH,R
valenad01,WSH,R
zellewi01,WSH,R
bonkol01,WSH,
carlobr01,WSH,
cizikca01,WSH,
comphj.01,WSH,
forsban01,WSH,
grubaph01,WSH,
jokihhe01,WSH,
kadrina01,WSH,
kotkaje01,WSH,
krebspe01,WSH,
maattol01,WSH,
manthan01,WSH,
mcavoch01,WSH,
mcleory01,WSH,
monahse01,WSH,
nurseda01,WSH,
rantami01,WSH,
roberni01,WSH,
vatrafr01,WSH,
wilsoto01,WSH,