ID,Salary,Contract
acciano01,2,C-27
addisca01,0,---
allanno01,0,---
allenja01,0,---
amadimi01,5,C-27
anderjo05,12,C-28
andermi02,0,---
andraem01,0,---
annunju01,0,---
applema01,3,C-27
armiajo01,0,---
arvidvi01,9,C-27
astonza01,0,---
aubekni01,0,---
audymjo01,12,C-27
backlmi01,0,---
bainsar01,0,---
balinuv01,0,---
barloco01,0,---
barroju01,0,---
barromo01,0,---
bastina01,0,---
bayrega01,0,---
beanja01,1,C-27
bearet01,0,---
beechjo01,0,---
behrese01,0,---
bennesa01,0,---
bennimi01,0,---
bennja01,0,---
berggjo02,0,---
binnijo01,0,---
bjarnca01,0,---
bjugsni01,1,C-27
blackco01,1,C-27
blackma01,0,---
blaissa01,0,---
bluegte01,12,C-28
blumema01,0,---
bobrose01,52,C-28
boesebr01,0,---
bogosza01,0,---
boldyma01,0,---
bourqma01,0,---
brattje01,0,---
brinkbo01,20,C-28
brissbr01,0,---
broditj01,0,---
brodzjo01,1,C-27
brossla01,0,---
brownco02,3,C-27
broztr01,0,---
brysoja01,0,---
buchedm01,0,---
buiumsh01,1,C-27
buntimi01,9,C-28
burakan01,15,C-28
burnsbr01,0,---
bystefi01,0,---
capobky01,1,C-27
carrial01,20,C-28
carrisa01,0,---
carriwi01,0,---
caseyse01,0,---
catafma01,0,---
cecico01,10,C-28
chadwno01,0,---
chaffmi01,0,---
cheslry01,1,C-27
chiarbe01,15,C-28
chibrni01,0,---
chishde01,0,---
chromma01,1,C-27
chychja01,0,---
chytifi01,0,---
cizikca01,0,---
cliftco01,20,C-28
colansa01,0,---
colembl01,0,---
coltoro01,0,---
comrier01,0,---
copleph01,1,C-27
coppan01,0,---
cormilu01,1,C-27
cossase01,0,---
cottepa01,0,---
cousini01,0,---
cozendy01,27,C-28
crousla01,0,---
cuyllwi01,0,---
daccojo01,35,C-28
dachki01,5,C-27
dadonev01,0,---
dahlira01,48,C-29
danauph01,0,---
danfoju01,0,---
davidja01,0,---
dawsni01,0,---
delbelu01,9,C-28
dellaty01,1,C-27
deshavi01,0,---
deslani01,1,C-27
devinja01,2,C-27
dewarco01,4,C-27
dickija01,8,C-28
dillobr01,0,---
dipiemi01,0,---
domima01,0,---
dostalu01,0,---
douglcu01,1,C-27
dowdni01,7,C-27
draisle01,55,C-29
druryja01,0,---
drysdja01,0,---
duboipi01,0,---
duclaan01,7,C-28
dudaar01,0,---
duhaibr01,0,---
dumbama01,0,---
dumoubr01,16,C-28
dunnvi02,15,C-27
durzise01,13,C-28
dvorach01,25,C-29
eberljo01,15,C-28
edstrad01,1,C-27
ehlerni01,25,C-28
eicheja01,41,C-29
elickch01,0,---
ellerla01,0,---
engluan01,0,---
engvapi01,0,---
ernead01,0,---
evanglu01,20,C-29
eyssimi01,0,---
fabbrro01,0,---
faksara01,3,C-27
fedotiv01,0,---
ferrama01,0,---
fialake01,0,---
finleja01,0,---
firkuja01,0,---
fleurca01,0,---
fleurha01,0,---
fleurma01,0,---
foegewa01,0,---
foligma01,0,---
foligni01,0,---
forbode01,0,---
forsban01,10,C-28
forsbfi01,28,C-28
frostmo01,12,C-28
gadjojo01,2,C-27
gajanad01,2,C-27
gallabr01,3,C-27
garlaco01,0,---
gaudead01,1,C-27
gaudrfr01,0,---
geekico01,6,C-28
gibsojo02,0,---
gilbede01,0,---
girgeze01,0,---
giroucl01,9,C-27
glassco01,12,C-29
glendlu01,0,---
goligal01,0,---
goodrba01,2,C-27
gostish01,0,---
granshe01,0,---
gravery01,0,---
grebeni01,1,C-27
greenjo02,0,---
greeraj01,0,---
gregono01,1,C-27
gritsar01,12,C-28
groshma01,0,---
groulbe01,12,C-28
grundca01,0,---
grzelma01,0,---
gudasra01,0,---
guentja01,40,C-29
guhleka01,20,C-28
gulyami01,1,C-27
hallafi01,0,---
hallta02,0,---
hamblja01,0,---
hamontr01,0,---
harkija01,0,---
harleth01,26,C-28
harrijo01,0,---
hartmry01,0,---
hathaga01,0,---
hayeske01,0,---
haymelu01,0,---
haytoba01,16,C-28
heidtri01,1,C-27
heineda01,0,---
heineem01,0,---
henriad01,0,---
hinosvi01,0,---
hischni01,0,---
hollju01,1,C-27
hollody01,29,C-30
holmbpo01,0,---
holtzal01,1,C-27
howeta01,0,---
huberjo01,17,C-28
huntda01,0,---
hussovi01,0,---
hutsoqu01,0,---
huttobe01,0,---
ihswoja01,0,---
ingraco01,0,---
ioriovi01,0,---
ivaniv01,1,C-27
jankoma01,0,---
janmama02,0,---
jansslu01,0,---
jarnkca01,0,---
jeannta01,0,---
jellvos01,0,---
jennebo01,0,---
jenseni02,0,---
johanma03,0,---
johnske01,7,C-27
johnsro02,0,---
johnsry03,0,---
jonesbe01,0,---
jonesca01,0,---
jonesma03,1,C-27
josepma01,1,C-27
joseppi01,0,---
joshuda01,0,---
jostty01,0,---
juulsno01,1,C-27
kadrina01,0,---
kaliyar01,0,---
kampfda01,0,---
kaneev01,0,---
kanepa01,13,C-28
karlsli01,13,C-28
karlswi01,0,---
kartyty01,5,C-27
kastema01,0,---
kellypa01,0,---
kemeljo01,8,C-28
kempead01,40,C-28
kerfoal01,0,---
kiiskje01,0,---
killoal01,0,---
kivirjo01,5,C-27
klingjo01,1,C-27
koivuaa01,0,---
kolosal01,0,---
kolyavl01,0,---
konyubo01,8,C-28
kopitan01,0,---
korchke01,4,C-27
korczka01,0,---
kotkaje01,11,C-29
kovalni01,0,---
kravtvi01,0,---
krebspe01,0,---
kreidch01,20,C-27
kulikdm01,0,---
kuninlu01,0,---
kuralse01,0,---
kurasph01,0,---
kuzneya01,0,---
kyrouch01,0,---
kyroujo01,17,C-28
lachash01,0,---
lacomja01,0,---
laffesa01,0,---
lainepa01,0,---
lambebr01,0,---
lamboca01,0,---
lamouma01,0,---
lankike01,0,---
lapiehe01,2,C-27
larkidy01,0,---
larssad01,0,---
laughsc01,2,C-27
lazarcu01,0,---
leinoto02,0,---
leonajo01,0,---
letankr01,11,C-28
liljeti01,0,---
lindees01,0,---
lindgch01,15,C-28
lizotbl01,3,C-27
lombery01,0,---
lowryad01,11,C-28
lundca01,0,---
lundkni01,0,---
luneatr01,11,C-28
lyubuil01,7,C-27
maattol01,0,---
maccema01,0,---
macewza01,0,---
mackina01,0,---
macleky01,0,---
mahurjo01,0,---
makarca01,0,---
malatja01,0,---
malkiev01,11,C-27
manthan01,10,C-28
marchbr03,0,---
marchma01,0,---
marksja02,0,---
marqumi01,0,---
martisp01,0,---
matinni01,1,C-27
mayfisc01,20,C-28
mazurca01,0,---
mcbaija03,0,---
mccabja01,22,C-28
mccarmi01,16,C-28
mcdonry01,18,C-29
mcilrdy01,0,---
mckowhu01,1,C-27
mcmicco01,0,---
meierti01,0,---
merceda01,15,C-28
merille01,0,---
merzlel01,0,---
mesarfi01,0,---
meyerbe01,0,---
mikkoni01,0,---
milanso01,0,---
milleco02,0,---
miromda01,0,---
mirosiv01,13,C-29
mitteca01,0,---
montesa01,0,---
mooreia01,0,---
morinet01,0,---
moverja01,0,---
mrazepe01,0,---
mukhash01,0,---
murrama02,0,---
myersph01,0,---
myersty01,0,---
nabokil01,8,C-28
namesvl01,10,C-28
nedelal01,20,C-28
neighja01,25,C-29
nelsobr01,18,C-27
newhoal01,0,---
nichuva01,0,---
noesest01,2,C-27
nosekto01,0,---
novakth01,13,C-28
nylanal01,0,---
nyquigu01,0,---
obrieli01,0,---
oconnlo01,0,---
oettija01,68,C-29
oleksja01,0,---
olivima01,0,---
olofsvi01,0,---
orlovdm01,14,C-27
ovechal01,21,C-27
P-mcallry01,0,---
pachabr01,0,---
paterji01,0,---
paulni01,0,---
pearsta01,0,---
peekean01,0,---
pelecad01,0,---
pelleja01,1,C-27
perfeco01,14,C-28
perroda01,1,C-27
perroja01,0,---
perryco01,0,---
pescebr01,0,---
petroal01,0,---
petryje01,0,---
pezzemi01,0,---
philpno01,0,---
pickaca01,1,C-27
pickeow01,4,C-27
pitlity01,0,---
poehlry01,0,---
poitrma01,1,C-27
portier01,1,C-27
poulisa01,0,---
prishni01,0,---
protaal01,0,---
pulocry01,13,C-28
quickjo01,0,---
raddyta01,1,C-27
ratyaa01,0,---
reavery01,0,---
regenpa01,0,---
regulal01,0,---
reichlu01,0,---
reillmi01,1,C-27
reimeja01,0,---
rempema01,0,---
riellmo01,0,---
rittida01,0,---
roberma02,10,C-28
roberni01,0,---
robersi01,0,---
robiner01,2,C-27
rooneke01,0,---
rosenis01,7,C-28
rosloja01,27,C-28
rossima01,20,C-29
royjo01,1,C-27
royni01,0,---
saadbr01,0,---
samsoil01,0,---
sandeja01,35,C-29
sandira01,0,---
sanhetr01,0,---
sarosju01,30,C-28
schaere01,1,C-27
scheima01,31,C-28
schenlu01,9,C-27
schmani01,0,---
schwico01,0,---
sebrado01,1,C-27
sergami01,0,---
severda01,0,---
shearco01,0,---
shepahu01,0,---
shurama01,0,---
sidorye01,0,---
siegejo01,0,---
sissoco01,0,---
skinnje01,0,---
smithbr05,0,---
smithco02,0,---
smithre01,0,---
soderel01,0,---
sodervi01,0,---
sogaama01,0,---
soucyca01,0,---
sourdju01,16,C-28
staaljo01,0,---
stamkst01,0,---
stastsp01,2,C-27
stechtr01,0,---
steelsa01,14,C-28
steeval02,2,C-27
stenlke01,0,---
stevecl01,1,C-27
stillch01,0,---
stivajo01,1,C-27
strubja01,7,C-28
sturmni01,0,---
sundqos01,0,---
suterry01,0,---
suzdaal01,0,---
talboca01,0,---
tanevbr01,1,C-27
tanevch01,0,---
tarasvl01,0,---
tavarjo01,0,---
teravte01,0,---
terrytr01,13,C-28
texieal01,3,C-27
thomaro01,31,C-29
thompja01,0,---
thompta01,0,---
thrunhe01,0,---
timmico01,0,---
toewsjo01,0,---
tomasph01,0,---
treniya01,22,C-28
trikogl01,0,---
troubja01,0,---
tsyplma01,1,C-27
tuchal01,0,---
tuomasa01,0,---
turcoal02,0,---
ufkory01,0,---
vaakaur01,0,---
vanecvi01,0,---
vanrija01,0,---
vanritr01,0,---
varlasi01,0,---
vatrafr01,0,---
velenjo01,0,---
villama01,0,---
vilmasa01,0,---
vorondi01,11,C-28
walmaja01,0,---
webbeca01,1,C-27
wedgesc01,31,C-28
weegama01,0,---
werenza01,0,---
whiteza01,0,---
wiesboz01,0,---
wintery01,1,C-27
wolljo01,0,---
woodmi01,0,---
wothepa01,0,---
yamamka01,0,---
zachapa01,0,---
zamulye01,0,---
zettefa01,0,---
ziemmko01,0,---
zuccama01,0,---
aaremni01,1,D26U22
abolsro01,1,D25
aitchka01,1,D25U22
akhtyar01,1,D25
amicoca01,1,D25U22
anderad01,1,D26U22
andrepy01,1,D25U22
aspinna01,1,D26U22
aspirjo01,1,D26
backos01,1,D25
bardaza01,1,D25
bearca01,1,D25U22
bedkoda01,1,D25U22
belchet01,1,D26U22
bellewi01,1,D25U22
benakad01,1,D25U22
berezma01,1,D25
berzkru01,1,D26U22
bjorcvi01,1,D26U22
bleylto01,1,D26U22
boumesa01,1,D25U22
bowmabr01,1,D26
brunefr01,1,D26
brzushe01,1,D25U22
bumpal01,1,D25
caliry01,1,D26U22
carboju01,1,D25U22
carelca01,1,D26U22
carlide01,1,D26
cerrach01,1,D25U22
chmelja01,1,D26
chrisja01,1,D25
ciharvo01,1,D25U22
commaal01,1,D26U22
coolede01,1,D26
cootebr01,1,D25U22
cournal01,1,D26U22
coverja01,1,D26U22
crevilo01,1,D25
crozima01,1,D25
cullewy01,1,D26U22
currama01,1,D26U22
czataet01,1,D25U22
dagenma01,1,D26U22
dastoch01,1,D26
delgama01,1,D25
desimni01,1,D26
desnoca01,1,D25U22
dimarma01,1,D26
eklunvi01,1,D25U22
elofsax01,1,D26U22
epperkr01,1,D25U22
fernsme01,1,D25U22
fiddlbl01,1,D25U22
finkai01,1,D25U22
finniem01,1,D26U22
franket01,1,D25
frolose01,1,D25U22
frondan01,1,D25U22
galvato01,1,D26U22
gamzidm01,1,D26
gastrmi01,1,D25U22
gatcoma01,1,D25
genboed01,1,D25U22
georgis01,1,D25
goljead01,1,D26U22
grossty01,1,D26
gustama01,1,D26U22
hagenja01,1,D25U22
haighhu01,1,D26
hakanwi01,1,D26U22
hallqth01,1,D25U22
hamilbe01,1,D26U22
hanlejo01,1,D25
harenlo01,1,D26U22
harrich01,1,D26U22
hayesav01,1,D26
helensa02,1,D25
hemmios01,1,D26U22
hensllo01,1,D25U22
hermael01,1,D26U22
hextaja01,1,D26U22
hindsty01,1,D26
hoenjo01,1,D26U22
holinmi01,1,D26U22
horcowi01,1,D25U22
hovormi01,1,D26
hryckdy01,1,D26
hryckju01,1,D25
hughetj01,1,D26
hurlbjp01,1,D26U22
hyryar01,1,D25
ignatsi01,1,D26U22
ivankja01,1,D25U22
jamesdo01,1,D26
jonsssa01,1,D25
jugnaty01,1,D26
kevanbe01,1,D25U22
kindebe01,1,D25U22
kirscch01,1,D25U22
kleponi01,1,D26U22
knowlbr01,1,D26U22
koblati01,1,D25U22
koepkco01,1,D25
kokkoni01,1,D25
kozakty01,1,D26
kudryki01,1,D25
kulebol01,1,D26U22
kurtzja01,1,D26U22
labano01,1,D26
lafreto01,1,D25U22
lakovly01,1,D25U22
lammiju01,1,D25
lavoito01,1,D26U22
lawrety01,1,D26U22
leery01,1,D25U22
lefebli01,1,D26U22
legauch01,1,D26
lewanda01,1,D25U22
limatku01,1,D26U22
linry01,1,D26U22
liskebr01,1,D26U22
lombaam01,1,D26
luciucr01,1,D26
malhoca01,1,D26U22
malotje01,1,D26
mancivi01,1,D25
marjavi01,1,D25
marrelu01,1,D25U22
martibr02,1,D25U22
martopo01,1,D25U22
mckenga01,1,D26U22
mcquero01,1,D25U22
medveal01,1,D25U22
melanja01,1,D26
metsaza01,1,D26
misami01,1,D25U22
montgbl01,1,D25U22
moonejo01,1,D25U22
moorewi01,1,D25U22
morozil01,1,D26U22
morozva01,1,D26
mrtkara01,1,D25U22
murtaja01,1,D25U22
mutryca01,1,D26U22
nesbija01,1,D25U22
nesteni02,1,D25
nestrva01,1,D25U22
nilsoer01,1,D25U22
nilssfe01,1,D26U22
nordmma01,1,D26U22
novotad01,1,D26U22
nystrjo01,1,D26
obrieja02,1,D25U22
P-leppaat01,1,D25
patteri01,1,D26U22
paupaha01,1,D25U22
peshkgl01,1,D26U22
pickfbr01,1,D25U22
piipaju01,1,D26U22
pinchvi01,1,D26
plantvi01,1,D26U22
pohlker01,1,D26
postami01,1,D26
pottecu01,1,D25U22
prademi01,1,D26U22
prestma01,1,D26U22
pridhja01,1,D26U22
prokhda01,1,D25U22
protail01,1,D25U22
protzow01,1,D26U22
psenima01,1,D25U22
pugacgl01,1,D26U22
quillja01,1,D26U22
rautibe01,1,D26U22
ravenjo01,1,D25U22
reidca01,1,D25U22
reidch01,1,D26U22
reinhco01,1,D26
reschco01,1,D25U22
rogowbr01,1,D26U22
rombaja01,1,D25U22
roobrry01,1,D26U22
ruckli01,1,D26U22
ruckma01,1,D26U22
rudolda01,1,D26U22
runtsti01,1,D26U22
ryabkiv01,1,D25U22
samanjo01,1,D25
sassoma01,1,D26
schaema01,1,D25U22
schmica01,1,D25U22
shabama01,1,D25
shaikal01,1,D26U22
shcheni01,1,D26U22
sheary01,1,D25
shiloeg01,1,D26U22
simpsco01,1,D26U22
slaggla01,1,D25
slukyha01,1,D25U22
smithga02,1,D26U22
smithja04,1,D25U22
smitsal01,1,D26U22
sokolma01,1,D26U22
solovil01,1,D26
sorenwi01,1,D26U22
sparkty01,1,D26U22
spellaj01,1,D25U22
spencma02,1,D25U22
stenbiv01,1,D26U22
sunieay01,1,D25U22
suvanol01,1,D26U22
thompai01,1,D25
tolopni01,1,D26
tralmed01,1,D26
trejbto01,1,D26U22
trudefe01,1,D26
uchacka01,1,D26
valenad01,1,D26U22
vanecja01,1,D26U22
vanhama01,1,D26U22
vansash01,1,D25U22
verhoke01,1,D26U22
vielje01,1,D26
villena01,1,D25U22
villexa01,1,D26U22
vinniee01,1,D26U22
walkena01,1,D25
waltoki01,1,D26U22
wangsi01,1,D25U22
washeti01,1,D26
westma01,1,D25U22
wetscca01,1,D25U22
wilsbad01,1,D25
wytteet01,1,D26U22
zavraeg01,1,D25U22
zellewi01,1,D25U22
zharoal01,1,D25U22
ziemebr01,1,D26U22
zonnobi01,1,D25U22
akeybe01,2,U22
artamni01,2,U22
badindo01,2,U22
bashaan01,2,U22
beaudco01,2,U22
berglja01,2,U22
boisvsa01,2,U22
brandmi01,2,U22
bruniha01,2,U22
brzushu01,2,U22
buiumze01,2,U22
cattobe01,2,U22
celebma01,2,U22
chernig01,2,U22
clarada01,2,U22
connetr01,2,U22
danfobe01,2,U22
demidiv01,2,U22
dickisa01,2,U22
eiserco01,2,U22
eliasga01,2,U22
emeryer01,2,U22
eriksfi01,2,U22
eriksli01,2,U22
fortedr01,2,U22
freijal01,2,U22
georgca01,2,U22
gillsp01,2,U22
greenli01,2,U22
gridima01,2,U22
hagemi01,2,U22
helenko01,2,U22
hemmiem01,2,U22
hutsoco01,2,U22
iginlti01,2,U22
jiricad01,2,U22
kantsro01,2,U22
klebead01,2,U22
letoude01,2,U22
levshar01,2,U22
lindsca01,2,U22
luchaje01,2,U22
massema01,2,U22
mewshe01,2,U22
miettju01,2,U22
mugglle01,2,U22
mustajo01,2,U22
myniosa01,2,U22
oreilsa01,2,U22
paraste01,2,U22
parekza01,2,U22
pettelu01,2,U22
plantma02,2,U22
pulkkje01,2,U22
ritchry01,2,U22
ruohohe01,2,U22
sahlile01,2,U22
sennebe01,2,U22
silayan01,2,U22
smithta01,2,U22
solbest01,2,U22
stigate01,2,U22
surineg01,2,U22
traffhe01,2,U22
ungerfe01,2,U22
vanacma01,2,U22
yakemca01,2,U22
yegormi01,2,U22
augustr01,4,U22
barkede01,4,U22
bedarco01,4,U22
bensoza01,4,U22
bertutr01,4,U22
bonkol01,4,U22
brindga01,4,U22
butda01,4,U22
cagnolu01,4,U22
carlsle01,4,U22
cowanea01,4,U22
cristan01,4,U22
daniena01,4,U22
dragilu01,4,U22
dvorsda01,4,U22
edstrda01,4,U22
fantiad01,4,U22
fiskeos01,4,U22
fowleja01,4,U22
gauthet01,4,U22
halttka01,4,U22
hameele01,4,U22
honzesa01,4,U22
hrabami01,4,U22
lardini01,4,U22
leonary01,4,U22
lindsth01,4,U22
michkma01,4,U22
molenta01,4,U22
mooreol01,4,U22
mustyqu01,4,U22
nadeabr01,4,U22
perrega01,4,U22
priceca02,4,U22
rehkoca01,4,U22
reinbda01,4,U22
ritchca01,4,U22
saleed01,4,U22
sandiax01,4,U22
sawchgr01,4,U22
simasdm01,4,U22
smithwi01,4,U22
stenbot01,4,U22
stramch01,4,U22
wahlban01,4,U22
willato01,4,U22
woodma01,4,U22
yagerbr01,4,U22
boqviad01,6,C-27
brazeju01,6,C-27
carcomi01,6,C-27
comphj.01,6,C-27
hallist01,6,C-27
kapanol01,6,C-27
kessema01,6,C-27
lindbca01,6,C-27
lundeis01,6,C-27
lyselfa01,6,C-27
martiem01,6,C-27
merkuge01,6,C-27
pospima01,6,C-27
rasmumi01,6,C-27
salomel01,6,C-27
samuema02,6,C-27
valimju01,6,C-27
greenry01,7,C-27
nymanja01,7,C-27
ostapza01,7,C-27
palaton01,7,C-27
seeleni01,7,C-27
boqvije01,8,C-27
catesno01,8,C-27
gourdya01,8,C-27
schmina01,8,C-27
beckow01,9,C-27
blankni01,9,C-27
deangan01,9,C-27
edmunjo01,9,C-27
howaris01,9,C-27
jokihhe01,9,C-27
kaspema01,9,C-27
lekkejo01,9,C-27
lorenst01,9,C-27
mikheil01,9,C-27
ostluno01,9,C-27
petteel02,9,C-27
svechfe01,9,C-27
xhekafl01,9,C-27
brodijo01,10,C-27
hamildo01,10,C-27
haulaer01,10,C-27
hoglani01,10,C-27
holmssi01,10,C-27
johanal01,10,C-27
kovacjo01,10,C-27
stanllo01,10,C-27
chatfja01,11,C-27
chinaye01,11,C-27
coutuse01,11,C-27
delmaet01,11,C-27
emberty01,11,C-28
evansja02,11,C-27
grafco01,11,C-28
greavje01,11,C-27
kaisewy01,11,C-27
kessemi01,11,C-28
klapkad01,11,C-28
laferal01,11,C-28
mcmanbo02,11,C-27
pageaje01,11,C-27
podkova01,11,C-27
raddyda01,11,C-27
schwaja01,11,C-27
sherwki01,11,C-27
toropal01,11,C-27
tuckety01,11,C-27
blomqjo01,12,C-27
engstad01,12,C-28
fredetr01,12,C-27
grubaph01,12,C-27
gudbrer01,12,C-27
helledr01,12,C-27
malenbe01,12,C-27
wennbal01,12,C-27
coleia01,13,C-27
johanjo03,13,C-27
klevety01,13,C-27
lyonal01,13,C-28
bernaja01,14,C-27
borgewi01,14,C-27
gauthcu01,14,C-28
hagueni01,14,C-27
jiricda01,14,C-28
kakkoka01,14,C-27
koivuvi01,14,C-28
mateyde01,14,C-28
mcgroru01,14,C-28
mintypa01,14,C-28
ohgreli01,14,C-28
othmabr01,14,C-27
perbini01,14,C-28
rinzesa01,14,C-28
ristora01,14,C-27
savoima01,14,C-28
sharaye01,14,C-27
sillico01,14,C-27
wallsje01,14,C-27
wrighsh01,14,C-28
yurovda01,14,C-28
zellwol01,14,C-27
barbaiv01,15,C-27
carlobr01,15,C-27
faulkju01,15,C-27
granlmi01,15,C-27
howdebr01,15,C-27
kahkoka01,15,C-27
kapanka01,15,C-27
khusnma01,15,C-27
koleske01,15,C-27
kulakbr01,15,C-27
lauzoje01,15,C-28
leddyni01,15,C-27
leean01,15,C-27
mansojo01,15,C-27
martijo01,15,C-27
norrijo01,15,C-27
oreilry01,15,C-27
rodriev01,15,C-27
soderar01,15,C-27
stromry01,15,C-27
suterpi01,15,C-27
tolvaee01,15,C-28
zadorni01,15,C-27
cirelan01,16,C-27
ekmanol01,16,C-27
ellisco01,16,C-27
girarsa01,16,C-28
hildede01,16,C-27
kuzmean01,16,C-27
levide01,16,C-27
mcleory01,16,C-27
moserja01,16,C-27
oconndr01,16,C-27
skjeibr01,16,C-27
vejmeka01,16,C-27
donatry01,17,C-27
gavrivl01,17,C-27
korpijo01,17,C-27
lindgry01,17,C-27
luostee01,17,C-27
spurgja01,17,C-27
tarasda02,17,C-27
walkese01,17,C-27
zaryco01,17,C-28
blakeja02,18,C-28
bussibr01,18,C-27
cernaer01,18,C-27
doanjo01,18,C-27
goncaga01,18,C-29
pettema01,18,C-27
royma04,18,C-27
rustbr01,18,C-27
spencjo01,18,C-27
toffoty01,18,C-27
zuckeja01,18,C-27
bertuty01,19,C-28
bichsli01,19,C-29
bolduza01,19,C-28
commedr01,19,C-27
coolelo01,19,C-29
coronma01,19,C-28
edvinsi01,19,C-28
foersty01,19,C-27
greigri01,19,C-27
guentdy01,19,C-28
hughelu01,19,C-28
kniesma01,19,C-28
kulicji01,19,C-29
lheurza01,19,C-28
mailllo01,19,C-28
mcnabbr01,19,C-27
mintefr01,19,C-29
nazarfr01,19,C-29
nemecsi01,19,C-29
nikisal01,19,C-27
peterjo01,19,C-27
powerow01,19,C-28
quinnja01,19,C-27
sambedy01,19,C-28
samosma01,19,C-28
schmiak01,19,C-27
silovar01,19,C-27
beauvan01,20,C-28
benoisi01,20,C-28
brobeph01,20,C-28
coylech01,20,C-27
demeldy01,20,C-27
doughdr01,20,C-27
duchema01,20,C-27
farabjo01,20,C-28
fowleca01,20,C-28
iafalal01,20,C-28
jonesse01,20,C-27
lindhha01,20,C-27
marinjo01,20,C-27
middlja01,20,C-27
monahse01,20,C-28
niedeni01,20,C-27
schenbr01,20,C-27
toewsde01,20,C-27
vilarga01,20,C-27
vladada01,20,C-27
dachco01,21,C-27
fabbrda01,21,C-28
malinsa01,21,C-30
provoiv01,21,C-28
xhekaar01,21,C-28
geekimo01,22,C-27
milleka01,22,C-27
parayco01,22,C-28
bahlke01,23,C-28
lohrema01,23,C-27
seguity01,23,C-27
askarya01,24,C-28
beniema01,24,C-29
clarkbr02,24,C-30
eklunwi01,24,C-29
jarvise01,24,C-28
johnswy01,24,C-29
lafreal01,24,C-28
lundean01,24,C-28
mctavma01,24,C-29
morrosc02,24,C-29
raymolu01,24,C-28
romanal01,24,C-27
snuggji01,24,C-30
stanklo01,24,C-30
vlasial01,24,C-27
yorkca01,24,C-28
zubar01,24,C-27
bjorkol01,25,C-27
chaboth01,25,C-28
debruja01,25,C-27
desmica01,25,C-27
drouijo01,25,C-27
feherma01,25,C-27
forslgu02,25,C-27
hagelbr01,25,C-28
hartca01,25,C-28
konectr01,25,C-27
lehkoar01,25,C-27
mangian01,25,C-27
mccanja01,25,C-28
mooretr01,25,C-28
murphco02,25,C-28
nurseda01,25,C-27
pintosh01,25,C-27
rakelri01,25,C-27
schnebr01,25,C-27
stonema01,25,C-27
stromdy01,25,C-27
zibanmi01,25,C-28
eriksjo02,26,C-27
horvabo01,26,C-27
hronefi01,26,C-27
murasse01,26,C-31
primeca01,26,C-27
stephch02,26,C-27
tippeow01,26,C-29
ekblaaa01,27,C-27
hanifno01,28,C-27
hertlto01,28,C-27
karlser01,28,C-27
landega01,28,C-27
mathemi01,28,C-27
necasma01,28,C-28
verhaca01,28,C-27
caufico01,29,C-28
dobesja01,29,C-27
erssosa01,29,C-28
faberbr01,29,C-29
hutsola01,29,C-31
zegratr01,29,C-28
anderra01,30,C-28
bathedr01,30,C-30
byrambo01,30,C-28
carlsjo01,30,C-27
dorofpa01,30,C-27
lindhel01,30,C-27
mcavoch01,30,C-27
millejt01,30,C-27
theodsh01,30,C-27
trochvi01,30,C-27
evansry01,31,C-27
swaymje01,31,C-28
thomplo01,31,C-27
tkachbr01,33,C-27
byfiequ01,34,C-30
seidemo01,34,C-29
slafkju01,34,C-32
stuetti02,34,C-30
barzama01,35,C-27
crosbsi01,35,C-27
debrial01,35,C-27
ekholma01,35,C-28
hoferjo01,35,C-28
hymanza01,35,C-27
kellecl01,35,C-28
knighsp01,35,C-27
morrijo04,35,C-28
pointbr01,35,C-28
stolaan01,35,C-27
ahose01,36,C-27
jarrytr01,37,C-27
pionkne01,37,C-27
barkoal01,38,C-28
buchnpa01,38,C-27
dobsono01,38,C-28
hedmavi01,38,C-28
hughequ01,38,C-28
petteel01,38,C-27
suzukni01,38,C-28
svechan01,38,C-28
ullmali01,38,C-27
roberja01,39,C-28
foxad01,40,C-28
hintzro01,40,C-27
montobr01,40,C-27
panarar01,40,C-27
pastrda01,40,C-27
wilsoto01,40,C-28
heiskmi01,41,C-28
kuempda01,41,C-27
bouchev01,43,C-27
wolfdu01,43,C-27
hillad01,45,C-27
josiro01,45,C-27
kucheni01,45,C-27
marchki01,45,C-28
reinhsa01,45,C-27
sorokil01,45,C-27
tkachma01,45,C-30
connoky01,47,C-27
kapriki01,47,C-28
kochepy01,48,C-27
hugheja03,49,C-32
anderfr01,50,C-27
demkoth01,50,C-27
nugenry01,50,C-28
rantami01,50,C-28
slavija01,50,C-30
gustafi01,52,C-27
skinnst01,52,C-27
mcdavco01,58,C-29
luukkuk01,60,C-28
shestig01,60,C-27
nylanwi01,61,C-27
vasilan02,62,C-28
marnemi01,63,C-29
matthau01,67,C-28
helleco01,75,C-27