hockeyRef,team,pos,stats/gp,stats/goals,stats/assists,stats/pim,stats/plusMinus,stats/ppg,stats/shg,stats/gwg,stats/how,stats/fol,stats/shots,stats/blocks,stats/hits,stats/toi,stats/take,stats/give,stats/wins,stats/losses,stats/ties,stats/ga,stats/sa,stats/so
bouchev01,EDM,D,1,3,2,0,2,0,0,0,0,0,6,3,1,25,0,2,,,,,,
cowanea01,TOR,RW,2,1,2,0,2,1,0,1,0,0,4,0,3,29,0,5,,,,,,
eicheja01,VEG,C,1,1,2,0,1,0,0,1,6,7,2,0,1,18,0,2,,,,,,
hallafi01,PIT,C,1,1,2,0,4,0,0,0,0,0,3,0,1,10,0,0,,,,,,
nelsobr01,COL,C,1,1,2,0,0,1,0,0,3,11,1,0,0,19,0,0,,,,,,
anderjo05,MTL,RW,1,1,1,0,2,0,0,0,0,0,3,0,4,12,0,1,,,,,,
barbaiv01,VEG,C,1,0,2,0,2,0,0,0,0,0,1,0,2,14,1,0,,,,,,
carrial01,MTL,D,1,1,1,0,1,0,0,1,0,0,3,1,1,21,0,1,,,,,,
cottepa01,VAN,C,1,2,0,0,2,0,1,1,3,5,3,0,2,11,1,0,,,,,,
girarsa01,PIT,D,1,0,2,0,3,0,0,0,0,0,2,0,1,21,1,0,,,,,,
hronefi01,VAN,D,1,0,2,0,2,0,0,0,0,0,2,3,0,25,0,0,,,,,,
kadrina01,COL,C,1,0,2,0,1,0,0,0,2,1,2,0,1,17,0,1,,,,,,
kellypa01,COL,F,1,1,1,0,2,0,0,0,0,2,1,0,3,12,0,2,,,,,,
korczka01,PIT,D,1,0,2,0,3,0,0,0,0,0,3,2,1,18,0,0,,,,,,
laferal01,LAK,RW,1,0,2,0,1,0,0,0,0,0,2,1,5,15,0,0,,,,,,
lapiehe01,PIT,C,1,1,1,0,3,0,0,0,2,4,1,0,4,13,0,1,,,,,,
lehkoar01,COL,LW,1,2,0,0,1,2,0,0,0,0,3,2,2,19,0,1,,,,,,
mackina01,COL,C,1,2,0,5,-2,1,0,0,6,9,8,0,2,17,0,1,,,,,,
makarca01,COL,D,1,0,2,0,-1,0,0,0,0,0,1,3,0,18,0,0,,,,,,
mcdavco01,EDM,C,1,0,2,0,1,0,0,0,12,4,0,0,1,22,0,3,,,,,,
mcnabbr01,VEG,D,1,0,2,0,2,0,0,0,0,0,1,0,0,18,1,2,,,,,,
mintefr01,BOS,C,1,1,1,0,2,0,0,1,1,4,3,0,1,14,1,1,,,,,,
nylanwi01,TOR,RW,2,2,0,0,-2,0,0,0,0,1,6,2,0,36,0,2,,,,,,
podkova01,EDM,RW,1,2,0,0,-2,1,0,0,0,2,7,0,5,18,0,1,,,,,,
riellmo01,TOR,D,2,0,2,0,-1,0,0,0,0,0,2,1,2,41,1,2,,,,,,
roberni01,PIT,LW,1,2,0,2,2,0,1,1,0,0,4,1,0,15,0,0,,,,,,
sassoma01,VAN,F,1,1,1,2,1,0,0,0,4,10,2,2,0,16,1,1,,,,,,
schwaja01,COL,C,1,0,2,2,-1,0,0,0,0,0,1,0,2,12,0,1,,,,,,
theodsh01,VEG,D,1,0,2,0,2,0,0,0,0,0,1,1,0,21,1,1,,,,,,
toewsde01,COL,D,1,0,2,2,1,0,0,0,0,0,0,0,1,20,0,1,,,,,,
andermi02,LAK,D,1,0,1,0,1,0,0,0,0,0,2,2,1,19,0,0,,,,,,
armiajo01,LAK,RW,1,1,0,0,1,0,1,0,0,0,2,1,0,12,0,1,,,,,,
boesebr01,VAN,RW,1,0,1,0,-1,0,0,0,0,1,1,0,0,14,0,2,,,,,,
bolduza01,MTL,C,1,1,0,0,1,0,0,0,0,0,2,0,0,11,0,0,,,,,,
burnsbr01,COL,D,1,0,1,0,0,0,0,0,0,0,0,1,1,15,0,0,,,,,,
carlide01,PIT,D,1,0,1,4,1,0,0,0,0,0,2,0,1,16,0,0,,,,,,
cecico01,LAK,D,1,0,1,0,3,0,0,0,0,0,1,1,0,19,0,0,,,,,,
chinaye01,PIT,RW,1,1,0,0,0,1,0,0,0,0,3,0,1,16,0,1,,,,,,
connetr01,VEG,F,1,1,0,0,-1,0,0,0,0,0,4,0,1,11,0,1,,,,,,
crosbsi01,PIT,C,1,0,1,0,1,0,0,0,9,11,3,0,2,17,0,0,,,,,,
dachki01,MTL,C,1,0,1,0,1,0,0,0,2,0,1,0,2,11,0,2,,,,,,
debruja01,VAN,LW,1,0,1,0,1,0,0,0,0,0,0,0,0,15,1,0,,,,,,
doughdr01,LAK,D,1,0,1,2,-2,0,0,0,0,0,1,2,0,22,0,1,,,,,,
dowdni01,VEG,C,1,0,1,0,0,0,0,0,8,7,0,0,2,12,0,1,,,,,,
draisle01,EDM,C,1,0,1,0,-1,0,0,0,12,9,5,0,0,21,0,2,,,,,,
dumoubr01,LAK,D,1,1,0,0,-1,0,0,0,0,0,2,2,0,16,1,1,,,,,,
formeal01,EDM,LW,1,0,1,0,3,0,0,0,0,0,2,0,5,15,0,0,,,,,,
forslgu02,FLA,D,1,1,0,2,1,0,0,1,0,0,2,2,3,22,0,0,,,,,,
gatcoma01,VEG,F,1,0,1,2,1,0,0,0,0,0,3,0,8,10,0,0,,,,,,
greenry01,CHI,C,1,0,1,0,1,0,0,0,7,10,1,0,0,14,0,2,,,,,,
greenjo02,CHI,LW,1,1,0,0,1,0,0,0,0,1,5,0,3,14,0,0,,,,,,
hanifno01,VEG,D,1,1,0,0,1,0,0,0,0,0,3,2,0,18,0,0,,,,,,
haulaer01,LAK,LW,1,0,1,0,-1,0,0,0,4,6,3,0,0,15,0,0,,,,,,
heineem01,NYI,LW,1,1,0,0,0,0,1,0,0,1,1,0,3,13,1,0,,,,,,
horvabo01,NYI,C,1,0,1,0,1,0,0,0,6,9,4,0,1,22,0,3,,,,,,
kaisewy01,CHI,D,1,0,1,0,1,0,0,0,0,0,0,2,0,20,0,1,,,,,,
kanepa01,CHI,RW,1,1,0,0,-1,0,0,0,0,0,4,0,2,21,0,0,,,,,,
karlser01,PIT,D,1,0,1,0,1,0,0,0,0,0,3,1,0,19,0,3,,,,,,
karlsli01,VAN,C,1,0,1,2,-1,0,0,0,1,1,2,0,0,13,0,0,,,,,,
kastema01,BOS,C,1,1,0,0,2,0,0,0,2,1,1,3,3,13,1,0,,,,,,
khusnma01,BOS,C,1,0,1,0,2,0,0,0,0,1,0,1,1,13,0,0,,,,,,
koivuvi01,PIT,RW,1,1,0,0,3,0,0,0,0,0,2,0,0,13,0,0,,,,,,
landega01,COL,LW,1,1,0,0,-1,0,0,0,4,2,1,1,0,17,0,0,,,,,,
lekkejo01,VAN,RW,1,1,0,0,1,0,0,0,0,0,1,0,0,12,1,1,,,,,,
letankr01,PIT,D,1,0,1,0,1,0,0,0,0,0,4,0,2,18,1,2,,,,,,
lindhel01,BOS,C,1,0,1,0,1,0,0,0,7,7,0,1,1,15,0,1,,,,,,
lindhha01,BOS,D,1,0,1,0,2,0,0,0,0,0,0,1,0,18,0,0,,,,,,
lohrema01,BOS,D,1,0,1,0,1,0,0,0,0,0,0,0,0,19,0,0,,,,,,
malkiev01,PIT,C,1,1,0,0,0,1,0,0,0,0,2,0,0,15,0,0,,,,,,
mansojo01,COL,D,1,0,1,0,0,0,0,0,0,0,1,1,1,14,0,1,,,,,,
marchki01,TOR,RW,2,0,1,2,0,0,0,0,0,0,7,0,6,38,0,2,,,,,,
mathemi01,MTL,D,1,0,1,0,1,0,0,0,0,0,3,2,0,25,1,1,,,,,,
mooretr01,LAK,LW,1,1,0,0,0,0,1,0,0,0,2,1,1,14,0,0,,,,,,
necasma01,COL,C,1,0,1,0,-1,0,0,0,0,0,4,0,1,19,1,1,,,,,,
novakth01,PIT,C,1,0,1,0,0,0,0,0,2,11,0,1,0,16,0,1,,,,,,
oconndr01,VAN,F,1,0,1,0,-1,0,0,0,1,0,3,2,2,17,0,0,,,,,,
ohgreli01,VAN,LW,1,0,1,0,-1,0,0,0,0,0,1,1,1,17,0,2,,,,,,
oleksja01,VAN,D,1,0,1,0,-3,0,0,0,0,0,0,2,3,23,1,2,,,,,,
olofsvi01,VEG,RW,1,1,0,0,0,1,0,0,1,0,2,0,0,13,0,1,,,,,,
panarar01,LAK,LW,1,1,0,0,-2,0,0,0,0,0,2,0,0,20,0,1,,,,,,
paulni01,TOR,LW,2,0,1,4,0,0,0,0,7,8,1,2,3,31,0,0,,,,,,
peterjo01,BOS,RW,1,1,0,0,1,0,0,0,0,0,1,0,0,17,0,1,,,,,,
petteel01,VAN,C,1,1,0,0,0,1,0,0,12,12,1,2,0,19,0,3,,,,,,
rakelri01,PIT,RW,1,0,1,0,1,0,0,0,1,1,2,0,3,18,0,0,,,,,,
rosloja01,TOR,C,2,0,1,0,0,0,0,0,5,2,4,1,2,33,0,1,,,,,,
rossima01,VAN,C,1,1,0,0,-1,0,0,0,3,6,1,0,0,15,0,0,,,,,,
royni01,COL,C,1,1,0,0,1,0,0,1,2,4,2,1,2,12,1,1,,,,,,
sheary01,EDM,D,1,0,1,0,-1,0,0,0,0,0,0,0,1,22,0,0,,,,,,
sissoco01,TOR,C,2,1,0,0,1,0,0,0,9,8,2,3,6,26,1,2,,,,,,
stonema01,VEG,RW,1,1,0,0,2,0,0,0,0,0,1,0,2,17,0,0,,,,,,
tavarjo01,TOR,C,2,0,1,4,-1,0,0,0,12,12,5,3,1,33,1,3,,,,,,
turcoal02,LAK,C,1,0,1,2,1,0,0,0,10,2,1,0,2,15,1,0,,,,,,
verhaca01,FLA,C,1,0,1,0,1,0,0,0,0,1,1,1,0,18,0,0,,,,,,
acciano01,PHI,C,1,0,0,0,-3,0,0,0,11,3,1,1,3,15,0,2,,,,,,
ahose01,CAR,F,1,0,0,4,0,0,0,0,10,6,4,1,0,20,0,1,,,,,,
anderra01,VEG,D,1,0,0,0,-1,0,0,0,0,0,2,1,0,18,0,2,,,,,,
aspirjo01,BOS,D,1,0,0,0,1,0,0,0,0,0,0,1,2,17,0,2,,,,,,
bainsar01,VAN,F,1,0,0,0,1,0,0,0,0,1,0,2,0,10,0,1,,,,,,
barkoal01,FLA,C,1,0,0,0,0,0,0,0,11,9,1,1,0,20,0,0,,,,,,
bennesa01,FLA,C,1,0,0,0,0,0,0,0,4,4,1,0,7,19,0,1,,,,,,
benoisi01,PHI,D,1,0,0,2,-1,0,0,0,0,0,0,0,2,18,0,1,,,,,,
bertuty01,CHI,LW,1,0,0,0,-1,0,0,0,0,0,0,0,1,16,0,1,,,,,,
bjorkol01,NYR,RW,1,0,0,0,0,0,0,0,0,0,4,0,0,14,0,0,,,,,,
blackma01,COL,G,1,0,0,0,0,0,0,0,0,0,0,0,0,60,0,1,1,0,0,4,31,0
blakeja02,CAR,RW,1,0,0,0,-1,0,0,0,0,0,2,2,0,21,0,3,,,,,,
bluegte01,TOR,C,2,0,0,0,0,0,0,0,4,9,1,1,3,22,0,2,,,,,,
bobrose01,TOR,G,1,0,0,0,0,0,0,0,0,0,0,0,0,58,0,0,0,1,0,3,24,0
borgewi01,BOS,D,1,0,0,0,2,0,0,0,0,0,1,1,4,17,0,1,,,,,,
bowmabr01,VEG,F,1,0,0,0,-1,0,0,0,0,0,1,1,0,10,0,0,,,,,,
buiumze01,VAN,D,1,0,0,0,2,0,0,0,0,0,1,1,0,22,0,2,,,,,,
bumpal01,PHI,LW,1,0,0,0,0,0,0,0,0,0,1,0,2,14,2,1,,,,,,
bussibr01,CAR,G,1,0,0,0,0,0,0,0,0,0,0,0,0,64,0,0,0,0,1,1,20,0
byfiequ01,LAK,C,1,0,0,0,-2,0,0,0,14,2,3,2,0,18,4,1,,,,,,
byrambo01,CHI,D,1,0,0,0,-2,0,0,0,0,0,0,2,0,25,1,1,,,,,,
carriwi01,CAR,LW,1,0,0,0,0,0,0,0,0,0,0,0,2,6,0,0,,,,,,
catesno01,PHI,LW,1,0,0,0,-1,0,0,0,5,4,1,0,0,14,1,1,,,,,,
caufico01,MTL,RW,1,0,0,2,-1,0,0,0,1,0,3,0,3,15,0,0,,,,,,
chatfja01,CAR,D,1,0,0,0,0,0,0,0,0,0,0,1,2,19,2,1,,,,,,
cizikca01,NYI,C,1,0,0,0,0,0,0,0,4,5,0,0,2,9,0,0,,,,,,
clarkbr02,LAK,D,1,0,0,5,0,0,0,0,0,0,1,2,0,18,0,1,,,,,,
cliftco01,BOS,D,1,0,0,0,0,0,0,0,0,0,2,2,3,23,0,1,,,,,,
coleia01,CHI,D,1,0,0,2,0,0,0,0,0,0,0,1,0,12,0,1,,,,,,
coutuse01,PHI,C,1,0,0,0,-1,0,0,0,3,1,0,0,1,15,0,0,,,,,,
cuyllwi01,NYR,LW,1,0,0,0,-2,0,0,0,0,1,3,0,2,15,0,1,,,,,,
dachco01,EDM,C,1,0,0,0,-1,0,0,0,8,7,2,0,4,14,1,0,,,,,,
danauph01,MTL,C,1,0,0,0,1,0,0,0,5,5,0,0,1,15,0,1,,,,,,
deangan01,NYI,D,1,0,0,0,-1,0,0,0,0,0,0,1,0,17,0,0,,,,,,
demidiv01,MTL,RW,1,0,0,2,-1,0,0,0,0,0,1,0,2,15,0,0,,,,,,
deslani01,CAR,LW,1,0,0,5,0,0,0,0,0,0,0,0,3,5,0,0,,,,,,
dewarco01,PIT,C,1,0,0,2,0,0,0,0,0,1,0,1,4,14,0,0,,,,,,
dobesja01,MTL,G,1,0,0,0,0,0,0,0,0,0,0,0,0,59,0,2,1,0,0,2,28,0
dobsono01,MTL,D,1,0,0,0,0,0,0,0,0,0,1,2,0,21,1,3,,,,,,
donatry01,CHI,C,1,0,0,0,-2,0,0,0,1,0,2,0,0,12,0,0,,,,,,
dorofpa01,NYR,LW,1,0,0,0,-1,0,0,0,0,0,5,0,1,15,1,1,,,,,,
drysdja01,PHI,D,1,0,0,2,-3,0,0,0,0,0,0,1,1,17,0,0,,,,,,
duclaan01,NYI,LW,1,0,0,0,0,0,0,0,0,0,4,1,0,12,0,0,,,,,,
duhaibr01,TOR,RW,2,0,0,0,0,0,0,0,0,1,2,4,6,23,0,3,,,,,,
durzise01,NYR,D,1,0,0,0,0,0,0,0,0,0,1,1,1,23,0,0,,,,,,
dvorach01,PHI,C,1,0,0,0,-1,0,0,0,10,5,2,1,2,14,0,2,,,,,,
edmunjo01,LAK,D,1,0,0,2,0,0,0,0,0,0,1,0,1,15,1,1,,,,,,
ehlerni01,CAR,LW,1,0,0,0,0,0,0,0,0,0,2,1,1,19,0,1,,,,,,
ekblaaa01,FLA,D,1,0,0,0,0,0,0,0,0,0,0,0,2,20,0,1,,,,,,
ekholma01,EDM,D,1,0,0,0,2,0,0,0,0,0,2,0,1,20,0,4,,,,,,
eklunvi01,NYI,RW,1,0,0,2,-1,0,0,0,0,2,2,0,1,11,0,0,,,,,,
ekmanol01,TOR,D,2,0,0,2,1,0,0,0,0,0,3,3,2,33,0,1,,,,,,
ellerla01,FLA,C,1,0,0,0,0,0,0,0,2,7,1,1,1,11,0,1,,,,,,
evansja02,MTL,C,1,0,0,0,1,0,0,0,10,7,1,1,3,14,1,0,,,,,,
foersty01,PHI,RW,1,0,0,0,-2,0,0,0,0,0,1,0,1,17,0,0,,,,,,
foxad01,NYR,D,1,0,0,0,-2,0,0,0,0,0,0,1,0,18,0,1,,,,,,
fredetr01,EDM,C,1,0,0,0,0,0,0,0,1,0,1,0,4,9,0,0,,,,,,
frondan01,CHI,C,1,0,0,0,-2,0,0,0,3,3,1,0,1,17,0,0,,,,,,
gallabr01,VAN,RW,1,0,0,0,0,0,0,0,0,0,1,0,1,10,0,0,,,,,,
gavrivl01,NYR,D,1,0,0,0,-1,0,0,0,0,0,1,2,0,19,0,2,,,,,,
geekimo01,BOS,C,1,0,0,0,0,0,0,0,1,3,1,0,5,16,1,0,,,,,,
gostish01,CAR,D,1,0,0,0,0,0,0,0,0,0,1,1,1,19,0,0,,,,,,
groulbe01,TOR,C,1,0,0,0,0,0,0,0,1,1,1,0,3,9,0,0,,,,,,
grundca01,PHI,RW,1,0,0,0,-2,0,0,0,0,0,1,1,4,12,0,1,,,,,,
gudasra01,FLA,D,1,0,0,0,0,0,0,0,0,0,0,0,3,10,0,0,,,,,,
hagenja01,BOS,C,1,0,0,0,0,0,0,0,0,1,1,2,0,13,1,1,,,,,,
hallta02,CAR,LW,1,0,0,2,-1,0,0,0,0,0,1,0,3,15,0,1,,,,,,
hartca01,VEG,G,1,0,0,0,0,0,0,0,0,0,0,0,0,59,0,1,1,0,0,2,26,0
hathaga01,FLA,RW,1,0,0,4,0,0,0,0,0,0,0,0,4,9,1,0,,,,,,
helensa02,LAK,C,1,0,0,0,0,0,0,0,1,4,1,0,3,6,0,0,,,,,,
hertlto01,VEG,C,1,0,0,0,1,0,0,0,6,6,4,0,2,15,0,1,,,,,,
holmssi01,NYI,RW,1,0,0,0,0,0,0,0,0,0,0,0,0,20,0,1,,,,,,
howaris01,EDM,LW,1,0,0,0,0,0,0,0,0,0,1,0,0,11,0,0,,,,,,
howdebr01,VEG,C,1,0,0,0,1,0,0,0,0,0,3,0,2,17,0,0,,,,,,
hughetj01,COL,F,1,0,0,2,-3,0,0,0,3,2,2,0,2,13,0,0,,,,,,
hutsola01,MTL,D,1,0,0,0,0,0,0,0,0,0,0,1,0,24,0,2,,,,,,
hymanza01,EDM,LW,1,0,0,0,1,0,0,0,0,0,3,0,2,20,0,0,,,,,,
imamabo01,FLA,LW,1,0,0,7,0,0,0,0,0,0,0,0,3,6,0,0,,,,,,
jankoma01,CAR,C,1,0,0,0,0,0,0,0,7,5,0,1,0,13,0,1,,,,,,
jarrytr01,EDM,G,1,0,0,0,0,0,0,0,0,0,0,0,0,61,0,0,0,0,1,6,23,0
jeannta01,BOS,F,1,0,0,2,0,0,0,0,0,0,0,1,4,13,0,0,,,,,,
jonesma03,EDM,LW,1,0,0,0,-1,0,0,0,0,0,2,0,5,12,0,0,,,,,,
jonesse01,FLA,D,1,0,0,0,0,0,0,0,0,0,1,0,1,28,1,0,,,,,,
josepma01,EDM,RW,1,0,0,2,-1,0,0,0,0,0,0,1,5,14,0,0,,,,,,
juulsno01,COL,D,1,0,0,2,1,0,0,0,0,0,0,1,0,11,0,1,,,,,,
kantsro01,CHI,RW,1,0,0,0,-1,0,0,0,5,10,1,0,3,17,1,0,,,,,,
kapanka01,EDM,RW,1,0,0,2,-2,0,0,0,0,0,3,0,4,17,0,1,,,,,,
karlswi01,VEG,C,1,0,0,0,0,0,0,0,12,5,1,0,0,17,0,0,,,,,,
kartyty01,NYR,F,1,0,0,0,-1,0,0,0,0,1,0,0,3,13,0,0,,,,,,
kempead01,LAK,LW,1,0,0,2,-2,0,0,0,0,0,3,0,2,19,0,1,,,,,,
knighsp01,CHI,G,1,0,0,0,0,0,0,0,0,0,0,0,0,59,0,0,0,1,0,4,36,0
konectr01,PHI,RW,1,0,0,2,-1,0,0,0,1,1,2,0,3,14,0,1,,,,,,
kreidch01,MTL,LW,1,0,0,0,0,0,0,0,0,1,1,0,3,14,1,0,,,,,,
kuempda01,LAK,G,1,0,0,0,0,0,0,0,0,0,0,0,0,59,0,0,0,1,0,8,29,0
kulakbr01,COL,D,1,0,0,0,1,0,0,0,0,0,0,1,0,19,0,0,,,,,,
kulikdm01,FLA,D,1,0,0,2,0,0,0,0,0,0,0,2,1,11,1,1,,,,,,
kuralse01,BOS,C,1,0,0,0,0,0,0,0,5,3,2,2,1,15,0,0,,,,,,
labano01,NYR,C,1,0,0,2,-2,0,0,0,4,3,0,0,2,12,0,0,,,,,,
lafreal01,NYR,LW,1,0,0,0,-1,0,0,0,1,0,0,0,4,18,0,3,,,,,,
lankike01,VAN,G,1,0,0,0,0,0,0,0,0,0,0,0,0,61,0,0,1,0,0,5,37,0
lardini01,CHI,LW,1,0,0,0,-2,0,0,0,0,0,2,1,0,11,0,0,,,,,,
laughsc01,LAK,C,1,0,0,0,0,0,0,0,8,7,3,1,1,15,0,1,,,,,,
lauzoje01,VEG,D,1,0,0,0,1,0,0,0,0,0,3,3,2,17,0,2,,,,,,
leean02,LAK,LW,1,0,0,2,0,0,0,0,0,0,1,0,1,7,0,0,,,,,,
legauch01,CAR,D,1,0,0,0,0,0,0,0,0,0,1,1,1,12,0,2,,,,,,
levshar01,CHI,D,1,0,0,0,0,0,0,0,0,0,1,1,1,19,2,4,,,,,,
lizotbl01,PIT,C,1,0,0,0,0,0,0,0,8,8,4,1,0,13,0,2,,,,,,
lundean01,FLA,C,1,0,0,0,0,0,0,0,5,5,3,1,2,19,0,1,,,,,,
luostee01,FLA,C,1,0,0,0,0,0,0,0,0,2,1,0,4,13,0,1,,,,,,
maccema01,NYI,LW,1,0,0,2,0,0,0,0,0,0,1,0,1,17,1,1,,,,,,
macewza01,TOR,C,1,0,0,0,0,0,0,0,0,0,0,0,0,5,0,0,,,,,,
malinsa01,COL,D,1,0,0,0,1,0,0,0,0,0,2,3,0,14,1,0,,,,,,
mangian01,CHI,LW,1,0,0,2,0,0,0,0,0,0,1,0,1,5,0,1,,,,,,
marksja02,FLA,G,1,0,0,0,0,0,0,0,0,0,0,0,0,64,0,0,1,0,0,0,15,1
marnemi01,VEG,RW,1,0,0,0,0,0,0,0,0,0,4,0,0,21,1,3,,,,,,
martijo01,CAR,LW,1,0,0,0,0,0,0,0,0,0,0,0,2,13,0,2,,,,,,
martopo01,PHI,RW,1,0,0,2,-1,0,0,0,0,0,0,0,0,14,0,4,,,,,,
matthau01,TOR,C,2,0,0,0,-2,0,0,0,13,10,4,1,1,42,0,0,,,,,,
mccabja01,TOR,D,2,0,0,4,0,0,0,0,0,0,2,5,2,31,0,2,,,,,,
mckenga01,TOR,LW,2,0,0,0,-2,0,0,0,0,0,2,0,0,30,1,3,,,,,,
michaow01,EDM,F,1,0,0,0,0,0,0,0,3,2,0,1,0,8,0,1,,,,,,
michkma01,PHI,RW,1,0,0,0,-1,0,0,0,0,0,1,0,0,15,0,1,,,,,,
mikkoni01,FLA,D,1,0,0,0,0,0,0,0,0,0,4,2,0,21,0,0,,,,,,
millejt01,NYR,C,1,0,0,0,-1,0,0,0,8,7,2,0,2,16,0,3,,,,,,
milleka01,CAR,D,1,0,0,2,-1,0,0,0,0,0,0,3,0,25,1,0,,,,,,
mitteca01,BOS,C,1,0,0,0,0,0,0,0,0,0,3,0,1,14,0,0,,,,,,
mooreol01,CHI,C,1,0,0,0,0,0,0,0,1,0,2,0,0,13,0,0,,,,,,
mukhash01,EDM,D,1,0,0,0,-2,0,0,0,0,0,0,0,0,13,0,2,,,,,,
murphco02,EDM,D,1,0,0,0,-1,0,0,0,0,0,2,4,0,18,0,1,,,,,,
nazarfr01,CHI,C,1,0,0,0,-2,0,0,0,8,9,3,0,0,18,1,1,,,,,,
newhoal01,MTL,C,1,0,0,2,0,0,0,0,7,2,1,1,3,16,0,1,,,,,,
pageaje01,NYI,C,1,0,0,0,-1,0,0,0,7,6,1,0,2,13,0,0,,,,,,
palaton01,NYI,LW,1,0,0,0,0,0,0,0,0,1,2,0,1,10,1,0,,,,,,
palmiky01,NYI,RW,1,0,0,0,0,0,0,0,0,0,4,1,1,18,0,0,,,,,,
pastrda01,BOS,RW,1,0,0,0,1,0,0,0,0,0,4,0,1,17,0,1,,,,,,
pelecad01,NYI,D,1,0,0,0,0,0,0,0,0,0,0,1,1,19,0,1,,,,,,
perrega01,NYR,RW,1,0,0,0,-1,0,0,0,0,0,0,1,0,16,0,1,,,,,,
petteel02,VAN,D,1,0,0,2,0,0,0,0,0,0,2,5,3,16,0,1,,,,,,
pettema01,NYR,D,1,0,0,0,0,0,0,0,0,0,1,2,1,23,1,3,,,,,,
pulocry01,NYI,D,1,0,0,0,0,0,0,0,0,0,0,2,1,16,0,0,,,,,,
raddyda01,TOR,D,2,0,0,0,-3,0,0,0,0,0,7,3,0,44,1,6,,,,,,
reinhsa01,FLA,C,1,0,0,0,0,0,0,0,0,5,2,0,4,20,0,1,,,,,,
rempema01,NYR,C,1,0,0,0,0,0,0,0,0,0,1,0,6,9,0,0,,,,,,
rinzesa01,CHI,D,1,0,0,0,-1,0,0,0,0,0,2,2,1,18,0,0,,,,,,
ristora01,PHI,D,1,0,0,0,-1,0,0,0,0,0,0,2,1,17,1,0,,,,,,
ritchca01,NYI,C,1,0,0,0,0,0,0,0,2,4,2,1,2,16,0,0,,,,,,
robiner01,CAR,LW,1,0,0,0,0,0,0,0,0,0,0,0,5,13,0,1,,,,,,
romanal01,NYI,D,1,0,0,0,1,0,0,0,0,0,2,2,2,17,1,3,,,,,,
sanhetr01,PHI,D,1,0,0,0,-2,0,0,0,0,0,3,0,0,20,1,4,,,,,,
schaema01,NYI,D,1,0,0,2,0,0,0,0,0,0,3,1,0,27,0,2,,,,,,
schenbr01,NYI,C,1,0,0,2,0,0,0,0,1,2,1,0,3,14,0,0,,,,,,
schenlu01,VAN,D,1,0,0,0,1,0,0,0,0,0,2,0,1,14,0,0,,,,,,
schnebr01,NYR,D,1,0,0,0,-1,0,0,0,0,0,2,1,4,16,0,1,,,,,,
seeleni01,PHI,D,1,0,0,2,0,0,0,0,0,0,0,1,2,19,0,0,,,,,,
shestig01,NYR,G,1,0,0,0,0,0,0,0,0,0,0,0,0,59,0,0,0,1,0,2,22,0
silovar01,PIT,G,1,0,0,0,0,0,0,0,0,0,0,0,0,60,0,0,1,0,0,0,19,1
slafkju01,MTL,LW,1,0,0,0,0,0,0,0,0,1,2,0,0,17,0,2,,,,,,
slavija01,CAR,D,1,0,0,0,0,0,0,0,0,0,1,3,1,22,0,0,,,,,,
smithco02,CHI,F,1,0,0,0,1,0,0,0,0,0,1,0,1,15,0,0,,,,,,
smitsal01,NYR,D,1,0,0,0,-1,0,0,0,0,0,0,1,2,16,0,2,,,,,,
soderel01,PIT,RW,1,0,0,0,0,0,0,0,0,0,0,0,2,12,1,0,,,,,,
sorokil01,NYI,G,1,0,0,0,0,0,0,0,0,0,0,0,0,57,0,1,0,1,0,2,26,0
staaljo01,CAR,C,1,0,0,0,0,0,0,0,11,11,0,1,7,17,0,0,,,,,,
stanklo01,CAR,C,1,0,0,0,0,0,0,0,5,3,0,0,1,19,0,1,,,,,,
stanllo01,NYI,D,1,0,0,0,0,0,0,0,0,0,0,1,3,15,0,0,,,,,,
stechtr01,TOR,D,2,0,0,0,2,0,0,0,0,0,0,0,2,35,0,1,,,,,,
stolaan01,TOR,G,1,0,0,0,0,0,0,0,0,0,0,0,0,58,0,0,1,0,0,1,27,0
strubja01,MTL,D,1,0,0,0,0,0,0,0,0,0,0,0,2,11,1,1,,,,,,
suzukni01,MTL,C,1,0,0,0,-1,0,0,0,7,5,2,1,2,18,1,3,,,,,,
svechfe01,COL,C,1,0,0,0,0,0,0,0,1,6,0,1,1,15,0,0,,,,,,
svechan01,CAR,RW,1,0,0,2,0,0,0,0,0,0,2,1,8,16,0,0,,,,,,
swaymje01,BOS,G,1,0,0,0,0,0,0,0,0,0,0,0,0,60,0,1,1,0,0,0,24,1
tanevch01,TOR,D,2,0,0,0,0,0,0,0,0,0,1,6,0,39,1,1,,,,,,
texieal01,MTL,C,1,0,0,2,0,0,0,0,0,0,0,1,2,12,0,1,,,,,,
tippeow01,PHI,RW,1,0,0,0,-1,0,0,0,0,0,4,0,6,14,0,0,,,,,,
tkachbr01,FLA,LW,1,0,0,2,1,0,0,0,2,0,1,0,4,16,0,1,,,,,,
tkachma01,FLA,LW,1,0,0,0,0,0,0,0,0,0,2,0,1,19,0,3,,,,,,
tolvaee01,NYR,RW,1,0,0,0,-1,0,0,0,0,0,2,0,4,13,0,0,,,,,,
vanritr01,PIT,D,1,0,0,0,1,0,0,0,0,0,0,4,1,20,0,1,,,,,,
velenjo01,NYR,C,1,0,0,0,0,0,0,0,4,7,0,3,3,15,0,1,,,,,,
vilmasa01,FLA,LW,1,0,0,0,0,0,0,0,1,0,0,3,3,11,0,1,,,,,,
vladada01,PHI,G,1,0,0,0,0,0,0,0,0,0,0,0,0,59,0,0,0,1,0,7,38,0
vlasial01,CHI,D,1,0,0,0,-1,0,0,0,0,0,0,1,0,20,0,0,,,,,,
walkese01,CAR,D,1,0,0,2,0,0,0,0,0,0,1,3,4,19,1,1,,,,,,
walmaja01,EDM,D,1,0,0,0,0,0,0,0,0,0,1,3,0,16,1,2,,,,,,
willato01,VAN,D,1,0,0,2,-1,0,0,0,0,0,0,1,0,20,0,0,,,,,,
wothepa01,VEG,D,1,0,0,2,-1,0,0,0,0,0,1,0,1,20,1,5,,,,,,
xhekaar01,MTL,D,1,0,0,0,0,0,0,0,0,0,0,1,0,12,1,1,,,,,,
yorkca01,PHI,D,1,0,0,0,-2,0,0,0,0,0,1,1,0,21,0,2,,,,,,
zachapa01,BOS,C,1,0,0,0,0,0,0,0,10,6,3,0,1,15,0,0,,,,,,
zadorni01,BOS,D,1,0,0,0,0,0,0,0,0,0,1,1,8,21,0,0,,,,,,
zegratr01,PHI,C,1,0,0,0,-2,0,0,0,6,8,1,0,0,16,0,1,,,,,,
zibanmi01,NYR,C,1,0,0,0,-1,0,0,0,9,7,2,0,2,18,2,1,,,,,,
zuccama01,LAK,LW,1,0,0,0,2,0,0,0,0,0,0,0,0,17,0,1,,,,,,
